train_id,engine_type,category,t0,t1,t2,t3,t4,t5,t6,t7,t8,t9,t10,t11,t12,t13,t14,t15,t16,t17,t18,t19,t20,t21,t22,t23,t24,t25,t26,t27,t28,t29,t30,t31,t32,t33,t34,t35,t36,t37,t38,t39,t40,t41,t42,t43,t44,t45,t46,t47,t48,t49,t50,t51,t52,t53,t54,t55,t56,t57,t58,t59,t60,t61,t62,t63,t64,t65,t66,t67,t68,t69,t70,t71,t72,t73,t74,t75,t76,t77,t78,t79,t80,t81,t82,t83,t84,t85,t86,t87,t88,t89,t90,t91,t92,t93,t94,t95,t96,t97,t98,t99,t100,t101,t102,t103,t104,t105,t106,t107,t108,t109,t110,t111,t112,t113,t114,t115,t116,t117,t118,t119
1,D,1,R11_S1,R11_S2,R1_S1,R1_S2,R1_S3,R1_S4,R1_S5,R3_S1,R3_S2,R3_S3,R3_S4,R3_S5,R3_S6,R3_S7,R3_S8,R3_S9,R3_S10,R3_S11,R5_S1,R5_S2,R5_S3,R5_S4,R5_S5,R5_S6,R5_S7,R5_S8,R5_S9,R6_S1,R6_S2,R6_S3,R6_S4,R6_S5,R13_S1,R13_S2,,,,,,,,,,,,,,,,,,,,,,,,,,,,,,,,,,,,,,,,,,,,,,,,,,,,,,,,,,,,,,,,,,,,,,,,,,,,,,,,,,,,,,
2,E,1,,,,,,R12_S1,R12_S2,R2_S1,R2_S2,R2_S3,R2_S4,R2_S5,R2_S6,R3_S1,R3_S2,R3_S3,R3_S4,R3_S5,R3_S6,R3_S7,R3_S8,R3_S9,R3_S10,R3_S11,R5_S1,R5_S2,R5_S3,R5_S4,R5_S5,R5_S6,R5_S7,R5_S8,R5_S9,R6_S1,R6_S2,R6_S3,R6_S4,R6_S5,R13_S1,R13_S2,,,,,,,,,,,,,,,,,,,,,,,,,,,,,,,,,,,,,,,,,,,,,,,,,,,,,,,,,,,,,,,,,,,,,,,,,,,,,,,,
3,H,2,,,,,,,,,,,R11_S1,R11_S2,R1_S1,R1_S2,R1_S3,R1_S4,R1_S5,R3_S1,R3_S2,R3_S3,R3_S4,R3_S5,R3_S6,R3_S7,R3_S8,R3_S9,R3_S10,R3_S11,R4_S1,R4_S2,R4_S3,R4_S4,R15_S1,R15_S2,,,,,,,,,,,,,,,,,,,,,,,,,,,,,,,,,,,,,,,,,,,,,,,,,,,,,,,,,,,,,,,,,,,,,,,,,,,,,,,,,,,,,,
4,D,1,,,,,,,,,,,,,,,,R12_S1,R12_S2,R2_S1,R2_S2,R2_S3,R2_S4,R2_S5,R2_S6,R3_S1,R3_S2,R3_S3,R3_S4,R3_S5,R3_S6,R3_S7,R3_S8,R3_S9,R3_S10,R3_S11,R5_S1,R5_S2,R5_S3,R5_S4,R5_S5,R5_S6,R5_S7,R5_S8,R5_S9,R7_S1,R7_S2,R7_S3,R7_S4,R7_S5,R7_S6,R7_S7,R7_S8,R14_S1,R14_S2,,,,,,,,,,,,,,,,,,,,,,,,,,,,,,,,,,,,,,,,,,,,,,,,,,,,,,,,,,,,,,,,,,,
5,E,2,,,,,,,,,,,,,,,,,,,,,R11_S1,R11_S2,R1_S1,R1_S2,R1_S3,R1_S4,R1_S5,R3_S1,R3_S2,R3_S3,R3_S4,R3_S5,R3_S6,R3_S7,R3_S8,R3_S9,R3_S10,R3_S11,R9_S1,R9_S2,R9_S3,R9_S4,R9_S5,R9_S6,R9_S7,R17_S1,R17_S2,,,,,,,,,,,,,,,,,,,,,,,,,,,,,,,,,,,,,,,,,,,,,,,,,,,,,,,,,,,,,,,,,,,,,,,,,
6,H,1,,,,,,,,,,,,,,,,,,,,,,,,,,R12_S1,R12_S2,R2_S1,R2_S2,R2_S3,R2_S4,R2_S5,R2_S6,R3_S1,R3_S2,R3_S3,R3_S4,R3_S5,R3_S6,R3_S7,R3_S8,R3_S9,R3_S10,R3_S11,R5_S1,R5_S2,R5_S3,R5_S4,R5_S5,R5_S6,R5_S7,R5_S8,R5_S9,R6_S1,R6_S2,R6_S3,R6_S4,R6_S5,R13_S1,R13_S2,,,,,,,,,,,,,,,,,,,,,,,,,,,,,,,,,,,,,,,,,,,,,,,,,,,,,,,,,,,,
7,D,2,,,,,,,,,,,,,,,,,,,,,,,,,,,,,,,R12_S1,R12_S2,R2_S1,R2_S2,R2_S3,R2_S4,R2_S5,R2_S6,R3_S1,R3_S2,R3_S3,R3_S4,R3_S5,R3_S6,R3_S7,R3_S8,R3_S9,R3_S10,R3_S11,R5_S1,R5_S2,R5_S3,R5_S4,R5_S5,R5_S6,R5_S7,R5_S8,R5_S9,R7_S1,R7_S2,R7_S3,R7_S4,R7_S5,R7_S6,R7_S7,R7_S8,R14_S1,R14_S2,,,,,,,,,,,,,,,,,,,,,,,,,,,,,,,,,,,,,,,,,,,,,,,,,,,,
8,E,1,,,,,,,,,,,,,,,,,,,,,,,,,,,,,,,,,,,,R11_S1,R11_S2,R1_S1,R1_S2,R1_S3,R1_S4,R1_S5,R3_S1,R3_S2,R3_S3,R3_S4,R3_S5,R3_S6,R3_S7,R3_S8,R3_S9,R3_S10,R3_S11,R5_S1,R5_S2,R5_S3,R5_S4,R5_S5,R5_S6,R5_S7,R5_S8,R5_S9,R6_S1,R6_S2,R6_S3,R6_S4,R6_S5,R13_S1,R13_S2,,,,,,,,,,,,,,,,,,,,,,,,,,,,,,,,,,,,,,,,,,,,,,,,,,,
9,H,2,,,,,,,,,,,,,,,,,,,,,,,,,,,,,,,,,,,,,,,,,R12_S1,R12_S2,R2_S1,R2_S2,R2_S3,R2_S4,R2_S5,R2_S6,R3_S1,R3_S2,R3_S3,R3_S4,R3_S5,R3_S6,R3_S7,R3_S8,R3_S9,R3_S10,R3_S11,R4_S1,R4_S2,R4_S3,R4_S4,R15_S1,R15_S2,,,,,,,,,,,,,,,,,,,,,,,,,,,,,,,,,,,,,,,,,,,,,,,,,,,,,,,
